{"cameraMode":{"drawMode":0,"name":"Shaded","section":"Shading Mode"},"sceneLighting":true,"audioPlay":false,"sceneViewState":{"showFog":true,"showMaterialUpdate":true,"showSkybox":true,"showFlares":true,"showImageEffects":true,"showParticleSystems":true},"in2DMode":false,"pivot":{"x":-54.12574005126953,"y":10.530353546142579,"z":-23.82703399658203},"rotation":{"x":0.04481451213359833,"y":-0.9171592593193054,"z":0.1821853369474411,"w":0.35174882411956789},"size":77.26693725585938,"orthographic":false}