{"cameraMode":{"drawMode":0,"name":"Shaded","section":"Shading Mode"},"sceneLighting":false,"audioPlay":false,"sceneViewState":{"showFog":true,"showMaterialUpdate":true,"showSkybox":false,"showFlares":true,"showImageEffects":true,"showParticleSystems":true},"in2DMode":false,"pivot":{"x":1.3400156497955323,"y":1.423957109451294,"z":1.528456687927246},"rotation":{"x":-0.18498310446739198,"y":0.1718800812959671,"z":-0.05667458847165108,"w":-0.9660435914993286},"size":10.954261779785157,"orthographic":false}