{"cameraMode":{"drawMode":0,"name":"Shaded","section":"Shading Mode"},"sceneLighting":false,"audioPlay":false,"sceneViewState":{"showFog":true,"showMaterialUpdate":true,"showSkybox":false,"showFlares":true,"showImageEffects":true,"showParticleSystems":true},"in2DMode":false,"pivot":{"x":-29.530000686645509,"y":15.040000915527344,"z":-7.050000190734863},"rotation":{"x":0.0031921900808811189,"y":0.9703528881072998,"z":-0.2255123257637024,"w":-0.0880708172917366},"size":6.906391620635986,"orthographic":false}