{"cameraMode":{"drawMode":0,"name":"Shaded","section":"Shading Mode"},"sceneLighting":false,"audioPlay":false,"sceneViewState":{"showFog":true,"showMaterialUpdate":true,"showSkybox":false,"showFlares":true,"showImageEffects":true,"showParticleSystems":true},"in2DMode":false,"pivot":{"x":-1.5929536819458008,"y":2.1179065704345705,"z":-1.950103759765625},"rotation":{"x":-0.04642535746097565,"y":0.884689211845398,"z":-0.14524339139461518,"w":-0.4407736659049988},"size":22.697620391845704,"orthographic":false}