{"cameraMode":{"drawMode":0,"name":"Shaded","section":"Shading Mode"},"sceneLighting":true,"audioPlay":false,"sceneViewState":{"showFog":true,"showMaterialUpdate":true,"showSkybox":true,"showFlares":true,"showImageEffects":true,"showParticleSystems":true},"in2DMode":false,"pivot":{"x":152.0052032470703,"y":34.08016586303711,"z":74.651611328125},"rotation":{"x":0.1890481412410736,"y":0.5960021018981934,"z":-0.14698466658592225,"w":0.7664819955825806},"size":115.81399536132813,"orthographic":false}