{"cameraMode":{"drawMode":0,"name":"Shaded","section":"Shading Mode"},"sceneLighting":false,"audioPlay":false,"sceneViewState":{"showFog":true,"showMaterialUpdate":true,"showSkybox":false,"showFlares":true,"showImageEffects":true,"showParticleSystems":true},"in2DMode":false,"pivot":{"x":-59.150001525878909,"y":10.710000038146973,"z":-29.200000762939454},"rotation":{"x":0.0031921900808811189,"y":0.9703528881072998,"z":-0.2255123257637024,"w":-0.0880708172917366},"size":10.456371307373047,"orthographic":false}