{"cameraMode":{"drawMode":0,"name":"Shaded","section":"Shading Mode"},"sceneLighting":false,"audioPlay":false,"sceneViewState":{"showFog":true,"showMaterialUpdate":true,"showSkybox":false,"showFlares":true,"showImageEffects":true,"showParticleSystems":true},"in2DMode":false,"pivot":{"x":-40.8956298828125,"y":9.273811340332032,"z":-23.9652099609375},"rotation":{"x":0.031305547803640369,"y":-0.9432692527770996,"z":0.20283731818199159,"w":0.26185131072998049},"size":2.857466459274292,"orthographic":true}