{"cameraMode":{"drawMode":0,"name":"Shaded","section":"Shading Mode"},"sceneLighting":false,"audioPlay":false,"sceneViewState":{"showFog":true,"showMaterialUpdate":false,"showSkybox":false,"showFlares":true,"showImageEffects":true,"showParticleSystems":true},"in2DMode":false,"pivot":{"x":-25.79822540283203,"y":3.0240378379821779,"z":-13.654243469238282},"rotation":{"x":0.13477902114391328,"y":-0.37805676460266116,"z":0.05583421513438225,"w":0.9142667651176453},"size":22.0,"orthographic":true}