{"cameraMode":{"drawMode":0,"name":"Shaded","section":"Shading Mode"},"sceneLighting":false,"audioPlay":false,"sceneViewState":{"showFog":true,"showMaterialUpdate":true,"showSkybox":false,"showFlares":true,"showImageEffects":true,"showParticleSystems":true},"in2DMode":false,"pivot":{"x":-40.11000061035156,"y":9.739999771118164,"z":-7.739999771118164},"rotation":{"x":0.0031921900808811189,"y":0.9703528881072998,"z":-0.2255123257637024,"w":-0.0880708172917366},"size":5.7157673835754398,"orthographic":false}