{"cameraMode":{"drawMode":0,"name":"Shaded","section":"Shading Mode"},"sceneLighting":false,"audioPlay":false,"sceneViewState":{"showFog":true,"showMaterialUpdate":true,"showSkybox":false,"showFlares":true,"showImageEffects":true,"showParticleSystems":true},"in2DMode":false,"pivot":{"x":-1.2183265686035157,"y":0.0006237030029296875,"z":-1.907923698425293},"rotation":{"x":-0.06369906663894654,"y":0.9123848080635071,"z":-0.26572343707084658,"w":-0.3051164448261261},"size":22.0,"orthographic":false}