{"cameraMode":{"drawMode":0,"name":"Shaded","section":"Shading Mode"},"sceneLighting":false,"audioPlay":false,"sceneViewState":{"showFog":true,"showMaterialUpdate":true,"showSkybox":false,"showFlares":true,"showImageEffects":true,"showParticleSystems":true},"in2DMode":false,"pivot":{"x":-11.119325637817383,"y":0.36151885986328127,"z":7.002501964569092},"rotation":{"x":-0.3337814211845398,"y":0.242695152759552,"z":-0.08936458826065064,"w":-0.9064837098121643},"size":6.0099873542785648,"orthographic":false}