{"cameraMode":{"drawMode":0,"name":"Shaded","section":"Shading Mode"},"sceneLighting":false,"audioPlay":false,"sceneViewState":{"showFog":true,"showMaterialUpdate":true,"showSkybox":false,"showFlares":true,"showImageEffects":true,"showParticleSystems":true},"in2DMode":false,"pivot":{"x":0.032672882080078128,"y":0.5,"z":17.0018310546875},"rotation":{"x":0.1683119386434555,"y":0.5430774688720703,"z":-0.08381509780883789,"w":0.8183601498603821},"size":4.950001239776611,"orthographic":false}