{"cameraMode":{"drawMode":0,"name":"Shaded","section":"Shading Mode"},"sceneLighting":false,"audioPlay":false,"sceneViewState":{"showFog":true,"showMaterialUpdate":true,"showSkybox":false,"showFlares":true,"showImageEffects":true,"showParticleSystems":true},"in2DMode":false,"pivot":{"x":-42.70000076293945,"y":10.720367431640625,"z":6.039999961853027},"rotation":{"x":-0.09659051895141602,"y":-0.9207908511161804,"z":0.3143208920955658,"w":-0.20993153750896455},"size":7.224800109863281,"orthographic":false}