{"cameraMode":{"drawMode":0,"name":"Shaded","section":"Shading Mode"},"sceneLighting":false,"audioPlay":false,"sceneViewState":{"showFog":true,"showMaterialUpdate":true,"showSkybox":false,"showFlares":true,"showImageEffects":true,"showParticleSystems":true},"in2DMode":false,"pivot":{"x":-43.87723922729492,"y":10.640000343322754,"z":-18.890398025512697},"rotation":{"x":0.0031921900808811189,"y":0.9703528881072998,"z":-0.2255123257637024,"w":-0.0880708172917366},"size":5.7157673835754398,"orthographic":false}