{"cameraMode":{"drawMode":0,"name":"Shaded","section":"Shading Mode"},"sceneLighting":true,"audioPlay":false,"sceneViewState":{"showFog":true,"showMaterialUpdate":true,"showSkybox":true,"showFlares":true,"showImageEffects":true,"showParticleSystems":true},"in2DMode":false,"pivot":{"x":135.73858642578126,"y":32.504844665527347,"z":146.94998168945313},"rotation":{"x":0.15759606659412385,"y":0.595219075679779,"z":-0.09053652733564377,"w":0.7827391028404236},"size":163.4001007080078,"orthographic":false}