{"cameraMode":{"drawMode":0,"name":"Shaded","section":"Shading Mode"},"sceneLighting":true,"audioPlay":false,"sceneViewState":{"showFog":true,"showMaterialUpdate":true,"showSkybox":true,"showFlares":true,"showImageEffects":true,"showParticleSystems":true},"in2DMode":false,"pivot":{"x":4.05571174621582,"y":0.5280570983886719,"z":-1.207810401916504},"rotation":{"x":-0.42770811915397646,"y":0.068162702023983,"z":-0.05777619034051895,"w":-0.8994930386543274},"size":20.52593994140625,"orthographic":false}