{"cameraMode":{"drawMode":0,"name":"Shaded","section":"Shading Mode"},"sceneLighting":false,"audioPlay":false,"sceneViewState":{"showFog":true,"showMaterialUpdate":true,"showSkybox":false,"showFlares":true,"showImageEffects":true,"showParticleSystems":true},"in2DMode":false,"pivot":{"x":-0.579258918762207,"y":-2.536257743835449,"z":0.36186501383781435},"rotation":{"x":-0.21937984228134156,"y":0.6690384745597839,"z":-0.2562355697154999,"w":-0.662431001663208},"size":7.629573345184326,"orthographic":false}