{"cameraMode":{"drawMode":0,"name":"Shaded","section":"Shading Mode"},"sceneLighting":true,"audioPlay":false,"sceneViewState":{"showFog":true,"showMaterialUpdate":true,"showSkybox":true,"showFlares":true,"showImageEffects":true,"showParticleSystems":true},"in2DMode":false,"pivot":{"x":-46.356468200683597,"y":6.903228759765625,"z":1.933279037475586},"rotation":{"x":-0.0824897512793541,"y":0.8869749903678894,"z":-0.3758191764354706,"w":-0.2558082640171051},"size":47.964881896972659,"orthographic":false}